id,password
marshbrian,O@5CSg
ambermoore,_+2J*xsP
davidjohnson,=+u4Rlk
chanrebecca,&5Njhq#T
vramirez,6!X3IDrH
fduncan,u#YA0ZoPH
sethobrien,(Mf5iSLcKu
douglasbennett,iw(1l8Pp
gramsey,*9u9ZjyixK
stephaniekerr,@2HYtGK
billykennedy,sS&4HsUQ
kimberly61,@)29Aihuj
drakebecky,@f7ZExo
ballardlori,^6D4Hd
iproctor,a!N9Zn
andersonkrista,yu7mY4E1D^
byrdanthony,m0FMapXo&
carolineyoung,dC@J24Dq
charlottereed,Hw*7J7nM
tcohen,#6rF37Pn
janetrevino,=+s4P6c
ovincent,!4^Y%1GnD
claytonvasquez,F9L!)wqZ^Q
daniel62,+0+*y3Id29
kimjames,!sBJ2Tlsm
tiffanyscott,bP9#Osmay_
laura77,D(3TJW+v
jonesjeremy,x9R^#0Go^
nelsonchristina,_EYHcV3c&!
frenchsean,@1ItPKLcel
grimestammie,ApNxVqbv^5
brownricardo,6_5UOwjS
diazadrienne,v#+T5Ir
hessjohn,p(1CZe
florespamela,(c7DCax
donaldlopez,_S(2wOi
dennisbell,@h4JNA&b$
kbartlett,s(B1&Nyc#
collinsangela,$5H43AxA9
antoniomann,fw2UCV_ck)
ybrewer,1)2BKGh
amy51,_YV7MELcW
isabellawinters,!30By6a
batesbrian,)4ZDKiwQT
masonsuzanne,p4&4S4v
clinebenjamin,_#3KUIg@!
welchmary,%QV7Wq1mCz
mark09,v*1DZn7
kklein,@8TJal
yevans,^^%y2Hgy
myoung,(epD7Jo
ramirezashley,on!8Z^&k
swise,$nnTq!NH8
ohays,_0YuwW
dianalee,Sl@s4Xc
zruiz,29IMUfFP@+
andersonanita,(bP4VMk
marymccullough,OG35Yd_p$
olowery,!jVU!hgb14
amycoleman,$6yeHbV5jf
flemingjoshua,T6^C7Y*u
cody36,m3XArBXl+u
davenportamber,#1rAGtJg
suttonchristopher,pfa+2Ye
mmanning,*90KrbR
staffordsandra,V#@m#5BkjC
randysandoval,$p9iNt
thomasdavid,^4OCrui@x
kendraperry,(60XDg
jennifer20,_92GqP
reedalexandra,m@85Kf
amandaanderson,Qgg)5XyZ$
joshuameyer,1_XmCfxm#
michellemartinez,$I@PgwVuJ8
christopher45,N%1GFxzg
tcalhoun,!FL3OODu
mark68,^4vGCa
eatonjennifer,2%*J$hX!+
benjaminsmith,i^5Wpm
scottbass,)I1E0u3yO
heidi53,)q#4kqTae
william90,u#l0AuPf
coxjonathan,$t5RuWU)
qgreene,&+4P0i
claydenise,)0aeZt
kaufmanwyatt,&dTV0iLf2
juliabrooks,^W0Q#k
rochatracey,7(7nAUghZY
paynejeffrey,#L1s9eBhS
jamesbryan,15dQ9wFb(i
jacob99,&PE6TB+x
waynestevens,u&4CW6eh
john19,A^r3*Bg
kirkcarr,8kGjO1+u$
timothyhouston,9^h3Dbnv
christopher62,3+7FIi
wilsonangelica,We+4Ofuq
petersonelizabeth,T#61KDUvxM
johnsoneric,+^0ZlSk
jameswashington,9TB)2NpJY6
masondonald,$8Np!+&iA
nporter,$N71Em
rogerswendy,&Ri1HLlg^
rwatts,#4U(Rr
brianwhite,%3c5AJYzAQ
ereynolds,#X0pCoRMV
erin55,@1#Lirm
fbenton,)&97eQ^u
erinday,&y!5YEv_
tracy96,a*3DwcH(W
meredith01,*1)ve%YtK
royleonard,P*72Sz
wcollins,BL^6UE!hTn
acostachristine,)4Foj%
lucasramirez,0j%5xzEwX$
matthewhuerta,)M4SFUz7^1
vhernandez,%U!9CKXa
cardenasallen,D(9ZXoB
patricia51,HS#5RGxPK
marciaabbott,%1oyx$IjA
lsosa,#)0Bs^4m
susan54,%08TFoJM
walkertara,E%53RU@s!
slong,*2H&lI
amartin,&s9Zf#
matthewprince,_B1KYt
ihenderson,N(((0NyC4
kelly98,^28Ng7Ph
gcook,%5mIeYv5(
fjohnson,!oLrqOg!6e
dayjohn,_7M)@e
russellfrank,AV^838Lwj
jeffrey95,R@2tKVHo
katelynsmith,%1UBInt
richardgordon,(5JKAaRK
uwall,8w9EWbGkT+
brady90,Z4&a8LmvWc
melissadavis,z*8OcpB
kaitlyn00,!9Puhf
atkinsontaylor,*_*d6YPc
ldorsey,Mma*5CKzR9
amyfarmer,*0)BR$h_^)
allisonmathew,bK#4Xt
kennethlawrence,o$7sSlmB
allennielsen,)Vm9R8Mue
juarezjesus,_1AKoQz
allisonortiz,^!xx9uEd
leejohn,*P0KcnK*l!
nhall,Nfws9pJ02_
zachary39,Fr43GdKu#
eford,S%)w8Xx6
lunaashley,Q&T1+WvAf*
ogordon,)#8Ry4s
jonesmaria,N^9ZLa!0Sc
tammy23,6#8SNU^t
michelle57,nE_*$4Nr
rmorgan,@%0_CzLYx+
gvalentine,a)_8sB8hH
vthomas,*5Dr+yJ
johnmorgan,A$f8KMj
tonya38,4ubYaKyg(X
phillipssusan,37*99Ci2
meredith73,01K1Mzrs^k
harristaylor,$5K^Mrxzx6
sarah02,M$jj1Yi*
campbellmariah,)0U7ii
hollycunningham,*284hDjw
kpeterson,g66GBh#k&
jonathon26,2$56@d6x0T
velezpamela,s3(L2Hxp
middletonalec,a+8NuAGwv5
steven77,*5ZAj6
josephwilliams,_7kmLZ8m
banksveronica,dv4VFHqv^!
javierferrell,Y15RRXzq)v
lorraine29,^Zv391Qs
kwright,!_fZK7wXF9
amyadams,@1fFV5Zn*4
dalvarez,+2VZuy
cheryl85,&9J6Ru%
carlsonlisa,&dA9Wqe!PE
ahodge,t!9YTq
plopez,cr4O2HQqn#
austincooper,!9s3WAnzPv
ricardo98,l)2ILYc
ashelton,^M)M1Wmt
sharonstewart,(8jRzEq
jacqueline02,f&OEFiMzo7
ksosa,$+66M6Oe
mrasmussen,*2CUIPc
crosbysheri,&2M1ya
rrussell,gE+2Lv
mwilliams,65DPlg%0%
fjones,23+0LQt3(R
moseserin,$3sqAn
danielbrittany,+BTUVF#(k1
frank36,(2qVzvE9
carrie62,U%V0AVbO
olucas,=+hff8ZEb1L
castroamanda,L^9_i)KjJ
