userid,password
ahuber,E1uMqnfD%D
thomascatherine,5j+MI6Bh^
jenkinscristian,O%4CezZA
theresayang,9_p9+Uf
arnoldpatricia,$9HwkuntZ
kenneth93,(Q6Vod
xreyes,)L5NfVOpw
swilliams,C*23EUi
xlynn,U@9IGi
svelez,(@C4i^xv$P
contrerasthomas,n8#8Gob
qlewis,(F*2PHg
jwoods,W!6Srf
danielleanderson,7_bN5nBy
owenrenee,_m4Ikn
georgesuzanne,P#3M%h
jharrison,^pCWaZR@(8
arnoldashley,!7SRlOl$
michael61,^1UGRzDrav
shari28,28NTEMrd#
lisa62,9HM4SPxy#$
samuel12,$6wKUSTl0
lgoodwin,q+06IcL
parrishronald,i9@7Bc(
linda08,Xcq+21Iu
ebaldwin,wWf%&1Fn
savagesean,QR0QV(Zl#K
linda49,%x6JH4Ew
floresmakayla,m@5LyG+U
anthonyweber,!rS3VjkuG4
omeza,G#z&2Ql
jamesbaker,%@7wDjBg7
gilbertanthony,x3*)5wGw
john97,V$3Yzk
mwest,h2X(7XGt#V
garymcdonald,AT0$Ilg0&9
justinwallace,(0NjXQ
kimberlyclark,9KOCyhCI&_
sreese,pja7F*gP(
arnoldelizabeth,^c6Wb6
lisamorris,h502GFxa*
valenciaregina,$_4J2Ko
drowland,n)C7CW(cI
riosjulie,w&^5Ye
lisapeterson,(XTfRk#t(9
becky86,m_+5G@i1g&
benjamin26,b9FQthkM(A
qmiles,_9+QMyU
michael35,21GPmEhX%C
meganvillanueva,$q0x7HyW
roger23,aE!55LOs
stephanie34,%C0*lVx
jeffreybush,$4DtOo
christinaguerra,up$!1Ndr)
vwong,n^iw3BmB9U
ann46,JIQ)5WmiH
josephstark,)1lPr^b)r
thomas49,)43SsWZkmq
lallen,^6Go4a
kimberlycallahan,0y5^G_Bo^
alexandermargaret,$E%3$*Xba
adam77,De^8WczwZ%
johnstontrevor,q9q3ZCzS$1
hwalton,98S1W9Jz&
dbarrett,^C82Fw
danielfischer,lc@h1Ej0M
abooker,$2y5BPdH
frank31,S(S9TNy
jonesandrew,_W0Dx$
amy53,&nytnHR_c5
angelahunter,&1FAg0
rodriguezraymond,$9T_+2xt
todd10,avHN+)5_%1
simpsonkevin,z!1QBr
anna96,Ch0ZIxwn&
sanchezrichard,f4)1HX%s
harold13,1$7q1UAk
onealmargaret,Z_6Dv4Eh
mary95,%^s1Ief
marissa35,&2QJE0g78
breanna39,#@4wQ+b
monique11,)JN9#bXv6
connie70,(4GdHN4w
jason89,)KZM4Zb
eschmidt,%!9GLa
ashleyberry,8l&5Xs$p
barry91,*5QNzy
kendra51,!GnGWw1VI3
edwardsmonica,^9JW2eFr
christian96,ouBQ2uJhi_
michellehenderson,b$Ae6Ey
pamela65,*Y1Ld7
barbaradudley,#6F9$I*x
trevorabbott,L*w7sRw!E
eric74,u*O^&9Zh
burgesslinda,m_1Bj3qxJO
spencer29,re$9DhM
xleon,2TCXK2rc@
mooremichael,*7sNyE
shane52,^9J8nY
smithamy,)7R4LGaJ
yfarrell,U4e_8Az^!
richard83,&6SzXa)
thompsonchristopher,Z%g0MYb%
wrightnathan,d!v6A8v
hjohnson,$3HoMu
derek91,I^7RGdfXH
michelle23,_yGt^r_M#3
cindy60,g_#i1lLy
imayer,&ZV(e&FC3E
thopkins,bd#45Rao
wrightkristen,^7gRKk
brandy18,)9#+7Ru
uvasquez,^L$7Mt3m
williamdavis,o5*5kAs
stephen34,!3o+ZZDyy
rstephens,)8AKIna
millergary,!E55xeEm
barrychoi,lO0U7z16*
amyrivera,)8aFg4Xxkm
amanda31,!tQ2Y4uT
jeffrey21,Y@69P2tr9
norman86,!4t9Rv
william78,%PU$ta)D3
john14,^Sm5BRifP+
scottortiz,(&0Dvbj#
sloansteven,NB_8Py7i
catherineoliver,(lyO8tnvJ9
powelldawn,W*0mDXE%*i
lmay,Dg&m0MsVWn
jameshurst,^_0AoO
juliacontreras,f)0d$Rs
kingscott,T9(2L(o
kellyduncan,0ur3aXjqB)
qmartin,!F6)Cb
jeffreysingleton,U_0VlpnQ
rbailey,(DH9W1pd5
porozco,!7tFuz
lvelasquez,(2UZm65l
eramirez,(4XvQ8
whitecody,eR0%Bk4s_
casey62,_Q$OD!e57
ffields,&#Rp3Xy
brianna57,T1saYavq+
john66,L)4Lhh
nguyenjeremiah,_2WeTAyIpH
cindy47,s4rALN@r)A
rose10,&D1Daqm
rpatterson,#6lKb7
farleygeorge,z_*7IlHpU
christopherhenry,%8qFN+y
colehernandez,))Ri5EYi
jonesleonard,E_l*2Gx
gina29,)7YMaV
xthomas,%eM2Jmrt&
jasonsanders,#oV7TCs_
zkaufman,^7RKoSq
stevebennett,Y&3Gsk&W%
iwoodard,#B5H4u
tmartinez,&5)IRi))
jeffreymclean,V5F_0Gn
jennawoodard,^!CmQiwSF7
williamsgina,)1s0YdN
kelsey23,#HR9Rg
cconner,VnQ(3Vm
ithompson,%5N4x3
johnsongina,__6kAo
vdavis,$$54IDq
paynemeagan,&tng_3Gl)M
franciscowilson,^&x#1A#s
brandon40,!CA2Vef
robert70,xzV(6L%b
aaron48,L9TRVHpW_U
hollytorres,#fe%Bgp45
arthur11,$7xW)q
michelle35,&N5YLhx
victoriawolfe,%0B1n2
robin66,q6Gxw%WY@
stephen31,IbH3I9AzS!
lambertdaniel,f)gQ6KzX
ygarrison,(7TLDr
newmanashley,%OKW4KWt
jillsilva,(N8QzX
karenguerrero,^iY6Ue
goliver,V+9e9Nvi#i
fmeyers,3l+k2vLd$k
thomassharon,&W6$Ym)
boothgina,mNo1RHh%&4
ihenry,$0FKCxe
odunn,_9C!$Lym@
angelamartinez,^0DjKtUb
wmatthews,J3GHba!d%N
ohart,3hE7lc1b#O
osheppard,^6Jsz_Blir
benjamingarcia,#5OUIu
sandrahoward,i(%34!CpfZ
juliewhite,H&7kLn
jennifer75,o6XOW$86*
louiscarter,)uL$3Pg+Y
sharon21,)2EOjWo
